{
    "q": [
        0.0119425948360937,
        0.9742545236825604,
        -2.8472999999999997,
        -0.7862281231866913,
        -0.10126891470162248,
        2.8792922464699093,
        0.7656835201919285
    ],
    "dq": [
        0.29900513834939313,
        1.305,
        0.08728163923214971,
        1.171676042396608,
        0.0007640193596202857,
        0.4543321131925621,
        0.000613521670523511
    ],
    "t_flight": 0.4018347947382831,
    "release_pos": [
        0.4523078501636014,
        -0.12395420758280085,
        1.1423279859161006
    ],
    "release_vel": [
        1.8606952204660303,
        0.3084706426083371,
        -0.8717805621190468
    ]
}