{
    "q": [
        0.02049358332084979,
        0.6677741533067224,
        -2.8973,
        -0.782559128124618,
        -0.13373422133069052,
        2.8923247051462626,
        0.7655134226949017
    ],
    "dq": [
        0.25193272210271944,
        1.74,
        0.14050747586492354,
        1.410663642870619,
        0.0006817116866226176,
        0.5387291709173426,
        2.0114951952396784e-08
    ],
    "t_flight": 0.46566666438839105,
    "release_pos": [
        0.18842037870465989,
        -0.10485391964553661,
        1.2439421708569265
    ],
    "release_vel": [
        2.6018172428523303,
        0.22516937422230654,
        -0.38721961377544645
    ]
}