{
    "q": [
        0.008903941150983976,
        0.9744830183677095,
        -2.8973,
        -0.7829349873319909,
        -0.08405879763813047,
        2.8781515792165395,
        0.7705633596752145
    ],
    "dq": [
        0.25128633738589906,
        1.305,
        0.07218706815128689,
        1.1819260602869845,
        0.0005623926280430247,
        0.45796269474257983,
        -1.0517834912951446e-06
    ],
    "t_flight": 0.40217157583038693,
    "release_pos": [
        0.45019047927153816,
        -0.1034887468590841,
        1.1466179768613713
    ],
    "release_vel": [
        1.8644020888925192,
        0.2573248710669034,
        -0.878415092969845
    ]
}