{
    "q": [
        0.9863485467646279,
        -0.931139844131054,
        -1.3990003977047196,
        -0.9568626654339253,
        0.8049476019236594,
        1.9023752117877748,
        0.0
    ],
    "dq": [
        1.7399999999999989,
        1.7399999999999984,
        1.605887843785968,
        -1.7399999999999995,
        -0.003623693694913613,
        -0.5332090787765918,
        8.195293080840827e-09
    ],
    "t_flight": 0.5334866609175036,
    "release_pos": [
        0.05616273228824609,
        -0.6454935831816131,
        0.7715132851861801
    ],
    "release_vel": [
        2.518970696550142,
        1.209952010598161,
        1.170579289176429
    ]
}