{
    "q_release": [
        0.0560388531244842,
        -1.7627999999999993,
        2.4517484890605425,
        -2.869093482549435,
        -0.582221083758233,
        1.9328686532182178,
        2.8972999999999995
    ],
    "dq_release": [
        1.0432194514866355,
        -1.860237040562247,
        -4.432153221245804,
        -4.477789399915979,
        -4.029133614517913,
        6.124867204652504,
        0.2823592849279034
    ],
    "v_cart": [
        0.6230866474380576,
        0.0,
        2.197506519912573,
        0.0,
        0.0,
        0.0
    ]
}